{"lr": 0.00399131145673545, "data_time": 0.00446162223815918, "loss": 1.82442467212677, "decode.loss_ce": 1.2165485262870788, "decode.acc_seg": 64.50077819824219, "aux.loss_ce": 0.6078761488199234, "aux.acc_seg": 60.90195846557617, "time": 0.17217342853546141, "step": 100}
{"lr": 0.003982532961535939, "data_time": 0.004407715797424316, "loss": 1.3572744727134705, "decode.loss_ce": 0.8306113123893738, "decode.acc_seg": 61.33433532714844, "aux.loss_ce": 0.5266631335020066, "aux.acc_seg": 48.90324020385742, "time": 0.17065703868865967, "step": 200}
{"lr": 0.003973752260404818, "data_time": 0.004565811157226563, "loss": 0.9513966977596283, "decode.loss_ce": 0.5480738461017609, "decode.acc_seg": 81.12091827392578, "aux.loss_ce": 0.4033228427171707, "aux.acc_seg": 58.701969146728516, "time": 0.17111871242523194, "step": 300}
{"lr": 0.00396496934722915, "data_time": 0.004604554176330567, "loss": 0.969386613368988, "decode.loss_ce": 0.5178443938493729, "decode.acc_seg": 64.6950912475586, "aux.loss_ce": 0.4515422135591507, "aux.acc_seg": 51.84868621826172, "time": 0.17134668827056884, "step": 400}
{"aAcc": 83.0, "mIoU": 28.84, "mAcc": 37.3, "step": 400}
{"lr": 0.0039561842158635785, "data_time": 0.004668521881103516, "loss": 0.9185161709785461, "decode.loss_ce": 0.48383029401302335, "decode.acc_seg": 81.54769897460938, "aux.loss_ce": 0.4346858859062195, "aux.acc_seg": 65.60904693603516, "time": 0.17192440032958983, "step": 500}
{"lr": 0.003947396860130065, "data_time": 0.004566097259521484, "loss": 0.7416923016309738, "decode.loss_ce": 0.3907785668969154, "decode.acc_seg": 87.5345458984375, "aux.loss_ce": 0.3509137198328972, "aux.acc_seg": 76.17654418945312, "time": 0.17228279113769532, "step": 600}
{"lr": 0.003938607273817646, "data_time": 0.004631590843200683, "loss": 0.6706052988767623, "decode.loss_ce": 0.3247582346200943, "decode.acc_seg": 94.3834457397461, "aux.loss_ce": 0.3458470687270164, "aux.acc_seg": 74.21996307373047, "time": 0.17252893447875978, "step": 700}
{"lr": 0.00392981545068216, "data_time": 0.0045528411865234375, "loss": 0.738645750284195, "decode.loss_ce": 0.36856291741132735, "decode.acc_seg": 72.81873321533203, "aux.loss_ce": 0.3700828403234482, "aux.acc_seg": 44.70746612548828, "time": 0.1724763870239258, "step": 800}
{"aAcc": 83.95, "mIoU": 32.17, "mAcc": 39.23, "step": 800}
